Name,Given Name,Additional Name,Family Name,Nickname,Birthday,Notes,Group Membership,E-mail 1 - Type,E-mail 1 - Value,E-mail 2 - Type,E-mail 2 - Value,Phone 1 - Type,Phone 1 - Value,Phone 2 - Type,Phone 2 - Value
Mark Brown,Mark,,Brown,,,,My Contacts,Home,mark.brown@gmail.com,,,Mobile,+1 (959) 481-5012,,
Sarah Patel,Sarah,,Patel,,,,My Contacts,Home,sarah.patel@gmail.com,,,Mobile,+1 (804) 632-1520,,
Noah Houston,Noah,,Houston,,,,My Contacts,Home,noah.houston@gmail.com,,,Mobile,+1 (774) 403-9928,,
David Smith,David,,Smith,,,,My Contacts,Home,david.smith@yahoo.com,,,Mobile,+1 (914) 632-6574,,
Maria Brown,Maria,,Brown,,10/9/1991,,My Contacts,Home,maria.brown@gmail.com,,,Mobile,+1 (589) 299-6881,,
Patricia Gonzalez,Patricia,,Gonzalez,,1959-12-03,,My Contacts,Home,patricia.gonzalez@gmail.com,,,Mobile,+1 (765) 500-6925,,
John Davis,John,,Davis,,1958-06-06,,My Contacts,Home,john.davis@gmail.com,,,Mobile,+1 (589) 484-8428,,
Sarah Williams,Sarah,,Williams,,2004-03-15,,My Contacts,Home,sarah.williams@hotmail.com,,,Mobile,+1 (850) 375-9751,,
Olivia Davis,Olivia,,Davis,,1958-06-13,,My Contacts,Home,olivia.davis@outlook.com,,,Mobile,+1 (986) 257-4752,,
Emma Hernandez,Emma,,Hernandez,,1953-11-15,,My Contacts,Home,emma.hernandez@yahoo.com,,,Mobile,+1 (871) 711-7482,,
Olivia Patel,Olivia,,Patel,,1953-07-12,,My Contacts,Home,olivia.patel@outlook.com,,,Mobile,+1 (964) 798-8019,,
John Johnson,John,,Johnson,,1969-07-20,,My Contacts,Home,john.johnson@gmail.com,,,Mobile,+1 (356) 842-3621,,
Priya Lee,Priya,,Lee,,1986-09-25,,My Contacts,Home,priya.lee@outlook.com,,,Mobile,+1 (766) 211-2876,,
Elizabeth Wilson,Elizabeth,,Wilson,,3/17/2000,,My Contacts,Home,elizabeth.wilson@yahoo.com,,,Mobile,+1 (664) 203-5315,,
Mark Lee,Mark,,Lee,,9/25/2003,,My Contacts,Home,mark.lee@hotmail.com,,,Mobile,+1 (403) 356-7126,,
Mark Lee,Mark,,Lee,,,,,,,,,iPhone,403-356-7126,,
James Brown,James,,Brown,,,,My Contacts,Home,james.brown@outlook.com,,,Mobile,+1 (514) 445-1949,,
John Williams,John,,Williams,,--03-22,,My Contacts,Home,john.williams@icloud.com,,,Mobile,+1 (270) 978-9727,,
David Lee,David,,Lee,,--12-07,,My Contacts,Home,david.lee@hotmail.com,,,Mobile,+1 (633) 416-9835,,
Sarah Lopez,Sarah,,Lopez,,,,My Contacts,Home,sarah.lopez@icloud.com,,,Mobile,+1 (729) 662-2982,,
Sarah Lopez,Sarah,,Lopez,,,,,,,,,iPhone,729-662-2982,,
Olivia Davis,Olivia,,Davis,,1947-01-08,,My Contacts,Home,olivia.davis@hotmail.com,,,Mobile,+1 (425) 207-2163,,
John Lee,John,,Lee,,,,My Contacts,Home,john.lee@yahoo.com,,,Mobile,+1 (485) 885-8953,,
John Lee,John,,Lee,,,,,Home,john.lee@yahoo.com,Work,john.lee@work.com,Mobile,+1 (485) 885-8953,,
Emma Nguyen,Emma,,Nguyen,,,,My Contacts,Home,emma.nguyen@icloud.com,,,Mobile,+1 (448) 684-7669,,
Emma Nguyen,Emma,,Nguyen,,,,,Work,emma.nguyen@icloud.com,,,,,,
Priya Johnson,Priya,,Johnson,,1979-02-08,,My Contacts,Home,priya.johnson@gmail.com,,,Mobile,+1 (262) 612-6559,,
Wei Garcia,Wei,,Garcia,,,,My Contacts,Home,wei.garcia@outlook.com,,,Mobile,+1 (673) 455-2235,,
Olivia Brown,Olivia,,Brown,,1975-04-06,,My Contacts,Home,olivia.brown@gmail.com,,,Mobile,+1 (867) 753-1241,,
Aisha Johnson,Aisha,,Johnson,,,,My Contacts,Home,aisha.johnson@yahoo.com,,,Mobile,+1 (588) 202-7396,,
Priya Martinez,Priya,,Martinez,,,,My Contacts,Home,priya.martinez@icloud.com,,,Mobile,+1 (913) 948-8973,,
Mary Nguyen,Mary,,Nguyen,,,,My Contacts,Home,mary.nguyen@hotmail.com,,,Mobile,+1 (262) 965-6138,,
Noah Lee,Noah,,Lee,,2000-02-20,,My Contacts,Home,noah.lee@yahoo.com,,,Mobile,+1 (258) 720-2312,,
Patricia Nguyen,Patricia,,Nguyen,,--07-22,,My Contacts,Home,patricia.nguyen@yahoo.com,,,Mobile,+1 (792) 808-1651,,
David Miller,David,,Miller,,,,My Contacts,Home,david.miller@outlook.com,,,Mobile,+1 (444) 471-7484,,
Priya Hernandez,Priya,,Hernandez,,,,My Contacts,Home,priya.hernandez@gmail.com,,,Mobile,+1 (209) 669-2638,,
David Jones,David,,Jones,,,,My Contacts,Home,david.jones@outlook.com,,,Mobile,+1 (270) 450-7054,,
Olivia Martinez,Olivia,,Martinez,,9/10/1951,,My Contacts,Home,olivia.martinez@hotmail.com,,,Mobile,+1 (869) 741-1128,,
Robert Rodriguez,Robert,,Rodriguez,,,,My Contacts,Home,robert.rodriguez@gmail.com,,,Mobile,+1 (309) 960-3546,,
Maria Miller,Maria,,Miller,,--01-03,,My Contacts,Home,maria.miller@outlook.com,,,Mobile,+1 (717) 700-5114,,
Mary Smith,Mary,,Smith,,,,My Contacts,Home,mary.smith@outlook.com,,,Mobile,+1 (989) 333-5291,,
Wei Patel,Wei,,Patel,,,,My Contacts,Home,wei.patel@gmail.com,,,Mobile,+1 (314) 277-3442,,
Emma Patel,Emma,,Patel,,,,My Contacts,Home,emma.patel@yahoo.com,,,Mobile,+1 (640) 330-1685,,
Mary Lopez,Mary,,Lopez,,,,My Contacts,Home,mary.lopez@yahoo.com,,,Mobile,+1 (898) 455-2684,,
Wei Houston,Wei,,Houston,,--01-06,,My Contacts,Home,wei.houston@yahoo.com,,,Mobile,+1 (442) 366-3900,,
Wei Davis,Wei,,Davis,,,,My Contacts,Home,wei.davis@outlook.com,,,Mobile,+1 (363) 918-2771,,
Wei Davis,Wei,,Davis,,,,,Work,wei.davis@outlook.com,,,,,,
Priya Lopez,Priya,,Lopez,,1949-07-11,,My Contacts,Home,priya.lopez@outlook.com,,,Mobile,+1 (433) 428-1387,,
David Lopez,David,,Lopez,,,,My Contacts,Home,david.lopez@hotmail.com,,,Mobile,+1 (609) 895-9785,,
David Lopez,David,,Lopez,,,,,Home,david.lopez@hotmail.com,Work,david.lopez@work.com,Mobile,+1 (609) 895-9785,,
David Garcia,David,,Garcia,,6/24/1972,,My Contacts,Home,david.garcia@hotmail.com,,,Mobile,+1 (471) 239-2776,,
Noah Brown,Noah,,Brown,,,,My Contacts,Home,noah.brown@icloud.com,,,Mobile,+1 (790) 394-5173,,
Noah Patel,Noah,,Patel,,1999-06-20,,My Contacts,Home,noah.patel@yahoo.com,,,Mobile,+1 (572) 641-2146,,
Noah Patel,Noah,,Patel,,1999-06-20,,,Home,noah.patel@yahoo.com,Work,noah.patel@work.com,Mobile,+1 (572) 641-2146,,
Noah Martinez,Noah,,Martinez,,--04-14,,My Contacts,Home,noah.martinez@icloud.com,,,Mobile,+1 (534) 612-5844,,
Jennifer Houston,Jennifer,,Houston,,1995-05-10,,My Contacts,Home,jennifer.houston@hotmail.com,,,Mobile,+1 (508) 615-9977,,
Mark Hernandez,Mark,,Hernandez,,,,My Contacts,Home,mark.hernandez@icloud.com,,,Mobile,+1 (652) 652-4501,,
Jennifer Williams,Jennifer,,Williams,,,,My Contacts,Home,jennifer.williams@outlook.com,,,Mobile,+1 (727) 879-6491,,
Linda Martinez,Linda,,Martinez,,,,My Contacts,Home,linda.martinez@yahoo.com,,,Mobile,+1 (403) 350-1400,,
Sofia Williams,Sofia,,Williams,,1954-07-16,,My Contacts,Home,sofia.williams@icloud.com,,,Mobile,+1 (624) 844-4185,,
James Brown,James,,Brown,,,,My Contacts,Home,james.brown@icloud.com,,,Mobile,+1 (424) 380-9486,,
Patricia Anderson,Patricia,,Anderson,,10/11/2002,,My Contacts,Home,patricia.anderson@yahoo.com,,,Mobile,+1 (675) 883-9702,,
Noah Wilson,Noah,,Wilson,,,,My Contacts,Home,noah.wilson@hotmail.com,,,Mobile,+1 (656) 362-8777,,
Mark Rodriguez,Mark,,Rodriguez,,,,My Contacts,Home,mark.rodriguez@hotmail.com,,,Mobile,+1 (696) 841-4919,,
Mark Rodriguez,Mark,,Rodriguez,,,,,,,,,iPhone,696-841-4919,,
David Hernandez,David,,Hernandez,,,,My Contacts,Home,david.hernandez@outlook.com,,,Mobile,+1 (753) 282-3267,,
Robert Miller,Robert,,Miller,,,,My Contacts,Home,robert.miller@gmail.com,,,Mobile,+1 (624) 617-6421,,
Michael Wilson,Michael,,Wilson,,--10-13,,My Contacts,Home,michael.wilson@icloud.com,,,Mobile,+1 (988) 798-1320,,
Elizabeth Gonzalez,Elizabeth,,Gonzalez,,1972-04-16,,My Contacts,Home,elizabeth.gonzalez@icloud.com,,,Mobile,+1 (751) 965-9947,,
Aisha Hernandez,Aisha,,Hernandez,,1970-10-18,,My Contacts,Home,aisha.hernandez@icloud.com,,,Mobile,+1 (941) 369-8657,,
Sarah Smith,Sarah,,Smith,,1965-03-02,,My Contacts,Home,sarah.smith@gmail.com,,,Mobile,+1 (858) 638-3223,,
Maria Hernandez,Maria,,Hernandez,,,,My Contacts,Home,maria.hernandez@icloud.com,,,Mobile,+1 (484) 970-7906,,
Maria Hernandez,Maria,,Hernandez,,,,,,,,,iPhone,484-970-7906,,
Olivia Johnson,Olivia,,Johnson,,11/2/2005,,My Contacts,Home,olivia.johnson@outlook.com,,,Mobile,+1 (429) 865-2124,,
James Houston,James,,Houston,,--10-07,,My Contacts,Home,james.houston@yahoo.com,,,Mobile,+1 (444) 329-8758,,
Carlos Garcia,Carlos,,Garcia,,1946-03-10,,My Contacts,Home,carlos.garcia@hotmail.com,,,Mobile,+1 (821) 965-2876,,
Emma Gonzalez,Emma,,Gonzalez,,1994-11-08,,My Contacts,Home,emma.gonzalez@icloud.com,,,Mobile,+1 (932) 403-2245,,
Sarah Houston,Sarah,,Houston,,,,My Contacts,Home,sarah.houston@gmail.com,,,Mobile,+1 (779) 242-6688,,
John Lee,John,,Lee,,,,My Contacts,Home,john.lee@outlook.com,,,Mobile,+1 (212) 630-9031,,
Mark Anderson,Mark,,Anderson,,5/20/1979,,My Contacts,Home,mark.anderson@yahoo.com,,,Mobile,+1 (645) 380-9548,,
Priya Wilson,Priya,,Wilson,,2/9/1960,,My Contacts,Home,priya.wilson@hotmail.com,,,Mobile,+1 (474) 530-5022,,
Emma Houston,Emma,,Houston,,1996-03-16,,My Contacts,Home,emma.houston@icloud.com,,,Mobile,+1 (544) 229-9098,,
David Houston,David,,Houston,,--02-08,,My Contacts,Home,david.houston@outlook.com,,,Mobile,+1 (769) 210-9464,,
Linda Thomas,Linda,,Thomas,,,,My Contacts,Home,linda.thomas@icloud.com,,,Mobile,+1 (658) 217-2524,,
Linda Martinez,Linda,,Martinez,,,,My Contacts,Home,linda.martinez@hotmail.com,,,Mobile,+1 (577) 684-9698,,
Olivia Hernandez,Olivia,,Hernandez,,,,My Contacts,Home,olivia.hernandez@outlook.com,,,Mobile,+1 (919) 664-5438,,
Michael Hernandez,Michael,,Hernandez,,,,My Contacts,Home,michael.hernandez@gmail.com,,,Mobile,+1 (960) 748-4033,,
David Nguyen,David,,Nguyen,,1964-05-08,,My Contacts,Home,david.nguyen@hotmail.com,,,Mobile,+1 (811) 489-2647,,
David Nguyen,David,,Nguyen,,1964-05-08,,,Work,david.nguyen@hotmail.com,,,,,,
Mary Patel,Mary,,Patel,,,,My Contacts,Home,mary.patel@outlook.com,,,Mobile,+1 (914) 329-9042,,
Mary Patel,Mary,,Patel,,,,,,,,,iPhone,914-329-9042,,
Liam Anderson,Liam,,Anderson,,8/4/1970,,My Contacts,Home,liam.anderson@outlook.com,,,Mobile,+1 (388) 252-5136,,
Emma Johnson,Emma,,Johnson,,,,My Contacts,Home,emma.johnson@yahoo.com,,,Mobile,+1 (352) 776-5978,,
Olivia Wilson,Olivia,,Wilson,,7/15/1964,,My Contacts,Home,olivia.wilson@hotmail.com,,,Mobile,+1 (810) 833-4697,,
Wei Martinez,Wei,,Martinez,,1987-04-21,,My Contacts,Home,wei.martinez@hotmail.com,,,Mobile,+1 (835) 261-2625,,
Wei Martinez,Wei,,Martinez,,,,,,,,,iPhone,835-261-2625,,
Olivia Williams,Olivia,,Williams,,1963-08-10,,My Contacts,Home,olivia.williams@yahoo.com,,,Mobile,+1 (202) 618-8381,,
Priya Williams,Priya,,Williams,,,,My Contacts,Home,priya.williams@yahoo.com,,,Mobile,+1 (470) 840-4241,,
Mark Jones,Mark,,Jones,,,,My Contacts,Home,mark.jones@outlook.com,,,Mobile,+1 (345) 273-1977,,
Emma Martinez,Emma,,Martinez,,--05-17,,My Contacts,Home,emma.martinez@icloud.com,,,Mobile,+1 (327) 679-5982,,
Sofia Johnson,Sofia,,Johnson,,,,My Contacts,Home,sofia.johnson@icloud.com,,,Mobile,+1 (952) 530-5102,,
Sarah Nguyen,Sarah,,Nguyen,,--03-16,,My Contacts,Home,sarah.nguyen@hotmail.com,,,Mobile,+1 (221) 983-5415,,
David Garcia,David,,Garcia,,1965-08-12,,My Contacts,Home,david.garcia@hotmail.com,,,Mobile,+1 (646) 850-9056,,
Jennifer Hernandez,Jennifer,,Hernandez,,7/27/1947,,My Contacts,Home,jennifer.hernandez@icloud.com,,,Mobile,+1 (910) 707-5722,,
Maria Rodriguez,Maria,,Rodriguez,,1/22/1974,,My Contacts,Home,maria.rodriguez@outlook.com,,,Mobile,+1 (318) 613-9431,,
Michael Lee,Michael,,Lee,,1953-01-07,,My Contacts,Home,michael.lee@outlook.com,,,Mobile,+1 (837) 974-9167,,
Priya Thomas,Priya,,Thomas,,1971-05-18,,My Contacts,Home,priya.thomas@gmail.com,,,Mobile,+1 (229) 845-4920,,
Priya Thomas,Priya,,Thomas,,1971-05-18,,,Home,priya.thomas@gmail.com,Work,priya.thomas@work.com,Mobile,+1 (229) 845-4920,,
Patricia Anderson,Patricia,,Anderson,,--05-17,,My Contacts,Home,patricia.anderson@gmail.com,,,Mobile,+1 (863) 357-9165,,
Liam Thomas,Liam,,Thomas,,,,My Contacts,Home,liam.thomas@yahoo.com,,,Mobile,+1 (667) 764-3369,,
Noah Jones,Noah,,Jones,,9/9/1963,,My Contacts,Home,noah.jones@gmail.com,,,Mobile,+1 (482) 624-6568,,
Emma Nguyen,Emma,,Nguyen,,,,My Contacts,Home,emma.nguyen@icloud.com,,,Mobile,+1 (352) 657-9824,,
Olivia Gonzalez,Olivia,,Gonzalez,,4/28/1947,,My Contacts,Home,olivia.gonzalez@icloud.com,,,Mobile,+1 (529) 393-4912,,
Liam Gonzalez,Liam,,Gonzalez,,,,My Contacts,Home,liam.gonzalez@icloud.com,,,Mobile,+1 (879) 867-3492,,
Liam Gonzalez,Liam,,Gonzalez,,,,,Work,liam.gonzalez@icloud.com,,,,,,
Patricia Anderson,Patricia,,Anderson,,--07-28,,My Contacts,Home,patricia.anderson@gmail.com,,,Mobile,+1 (738) 667-1251,,
Patricia Anderson,Patricia,,Anderson,,,,,Work,patricia.anderson@gmail.com,,,,,,
Maria Houston,Maria,,Houston,,9/13/1985,,My Contacts,Home,maria.houston@icloud.com,,,Mobile,+1 (865) 282-6383,,
Liam Patel,Liam,,Patel,,--05-08,,My Contacts,Home,liam.patel@gmail.com,,,Mobile,+1 (832) 270-4846,,
Patricia Brown,Patricia,,Brown,,1/11/1963,,My Contacts,Home,patricia.brown@icloud.com,,,Mobile,+1 (370) 910-5906,,
Wei Jones,Wei,,Jones,,,,My Contacts,Home,wei.jones@yahoo.com,,,Mobile,+1 (743) 621-3950,,
Wei Jones,Wei,,Jones,,,,,Home,wei.jones@yahoo.com,Work,wei.jones@work.com,Mobile,+1 (743) 621-3950,,
Sofia Davis,Sofia,,Davis,,,,My Contacts,Home,sofia.davis@icloud.com,,,Mobile,+1 (797) 346-4804,,
David Smith,David,,Smith,,,,My Contacts,Home,david.smith@icloud.com,,,Mobile,+1 (494) 893-9955,,
Carlos Nguyen,Carlos,,Nguyen,,,,My Contacts,Home,carlos.nguyen@outlook.com,,,Mobile,+1 (854) 634-5097,,
Aisha Thomas,Aisha,,Thomas,,1998-12-10,,My Contacts,Home,aisha.thomas@gmail.com,,,Mobile,+1 (442) 590-6881,,
David Smith,David,,Smith,,12/16/2002,,My Contacts,Home,david.smith@hotmail.com,,,Mobile,+1 (902) 962-1803,,
Linda Houston,Linda,,Houston,,--11-25,,My Contacts,Home,linda.houston@outlook.com,,,Mobile,+1 (424) 851-4115,,
Robert Brown,Robert,,Brown,,1963-12-05,,My Contacts,Home,robert.brown@gmail.com,,,Mobile,+1 (516) 651-1546,,
Wei Garcia,Wei,,Garcia,,,,My Contacts,Home,wei.garcia@yahoo.com,,,Mobile,+1 (335) 752-6994,,
Jennifer Rodriguez,Jennifer,,Rodriguez,,1959-08-03,,My Contacts,Home,jennifer.rodriguez@icloud.com,,,Mobile,+1 (502) 964-6549,,
Sarah Gonzalez,Sarah,,Gonzalez,,,,My Contacts,Home,sarah.gonzalez@hotmail.com,,,Mobile,+1 (574) 292-7464,,
Priya Lopez,Priya,,Lopez,,,,My Contacts,Home,priya.lopez@outlook.com,,,Mobile,+1 (798) 590-7086,,
James Houston,James,,Houston,,--11-27,,My Contacts,Home,james.houston@hotmail.com,,,Mobile,+1 (535) 824-4626,,
Mark Wilson,Mark,,Wilson,,,,My Contacts,Home,mark.wilson@gmail.com,,,Mobile,+1 (343) 246-1609,,
Patricia Davis,Patricia,,Davis,,,,My Contacts,Home,patricia.davis@hotmail.com,,,Mobile,+1 (338) 597-8432,,
Olivia Wilson,Olivia,,Wilson,,11/4/1984,,My Contacts,Home,olivia.wilson@hotmail.com,,,Mobile,+1 (960) 944-3531,,
David Johnson,David,,Johnson,,6/4/1968,,My Contacts,Home,david.johnson@outlook.com,,,Mobile,+1 (422) 654-8285,,
Mark Lopez,Mark,,Lopez,,--08-03,,My Contacts,Home,mark.lopez@gmail.com,,,Mobile,+1 (607) 482-4109,,
Sofia Smith,Sofia,,Smith,,4/3/1980,,My Contacts,Home,sofia.smith@gmail.com,,,Mobile,+1 (541) 449-3063,,
Michael Davis,Michael,,Davis,,,,My Contacts,Home,michael.davis@outlook.com,,,Mobile,+1 (351) 810-1046,,
Robert Patel,Robert,,Patel,,,,My Contacts,Home,robert.patel@outlook.com,,,Mobile,+1 (378) 312-1422,,
Linda Nguyen,Linda,,Nguyen,,,,My Contacts,Home,linda.nguyen@outlook.com,,,Mobile,+1 (216) 378-5347,,
Noah Brown,Noah,,Brown,,,,My Contacts,Home,noah.brown@gmail.com,,,Mobile,+1 (687) 659-6931,,
Noah Brown,Noah,,Brown,,,,,Work,noah.brown@gmail.com,,,,,,
Mary Lee,Mary,,Lee,,,,My Contacts,Home,mary.lee@outlook.com,,,Mobile,+1 (669) 858-1510,,
Aisha Wilson,Aisha,,Wilson,,,,My Contacts,Home,aisha.wilson@gmail.com,,,Mobile,+1 (702) 929-8267,,
Aisha Wilson,Aisha,,Wilson,,,,,Work,aisha.wilson@gmail.com,,,,,,
David Houston,David,,Houston,,,,My Contacts,Home,david.houston@hotmail.com,,,Mobile,+1 (761) 929-6327,,
Elizabeth Anderson,Elizabeth,,Anderson,,--02-28,,My Contacts,Home,elizabeth.anderson@hotmail.com,,,Mobile,+1 (819) 640-2624,,
Olivia Miller,Olivia,,Miller,,,,My Contacts,Home,olivia.miller@icloud.com,,,Mobile,+1 (662) 433-7779,,
Wei Brown,Wei,,Brown,,,,My Contacts,Home,wei.brown@outlook.com,,,Mobile,+1 (637) 520-5176,,
Wei Brown,Wei,,Brown,,,,,Home,wei.brown@outlook.com,Work,wei.brown@work.com,Mobile,+1 (637) 520-5176,,
John Williams,John,,Williams,,1948-06-26,,My Contacts,Home,john.williams@gmail.com,,,Mobile,+1 (295) 642-2582,,
Olivia Patel,Olivia,,Patel,,,,My Contacts,Home,olivia.patel@outlook.com,,,Mobile,+1 (886) 325-7730,,
Wei Johnson,Wei,,Johnson,,,,My Contacts,Home,wei.johnson@outlook.com,,,Mobile,+1 (814) 519-6761,,
Robert Thomas,Robert,,Thomas,,,,My Contacts,Home,robert.thomas@yahoo.com,,,Mobile,+1 (310) 558-7022,,
Linda Wilson,Linda,,Wilson,,--11-27,,My Contacts,Home,linda.wilson@hotmail.com,,,Mobile,+1 (985) 836-1430,,
Linda Wilson,Linda,,Wilson,,,,,,,,,iPhone,985-836-1430,,
Elizabeth Hernandez,Elizabeth,,Hernandez,,1985-07-03,,My Contacts,Home,elizabeth.hernandez@outlook.com,,,Mobile,+1 (206) 385-3347,,
John Lee,John,,Lee,,,,My Contacts,Home,john.lee@yahoo.com,,,Mobile,+1 (585) 629-8432,,
Maria Nguyen,Maria,,Nguyen,,,,My Contacts,Home,maria.nguyen@hotmail.com,,,Mobile,+1 (286) 253-3549,,
Sarah Williams,Sarah,,Williams,,,,My Contacts,Home,sarah.williams@outlook.com,,,Mobile,+1 (653) 877-7947,,
David Miller,David,,Miller,,,,My Contacts,Home,david.miller@hotmail.com,,,Mobile,+1 (316) 553-8043,,
Emma Thomas,Emma,,Thomas,,,,My Contacts,Home,emma.thomas@hotmail.com,,,Mobile,+1 (883) 515-1744,,
Mary Smith,Mary,,Smith,,1976-05-11,,My Contacts,Home,mary.smith@yahoo.com,,,Mobile,+1 (508) 416-3248,,
Jennifer Jones,Jennifer,,Jones,,,,My Contacts,Home,jennifer.jones@icloud.com,,,Mobile,+1 (745) 920-4770,,
Carlos Williams,Carlos,,Williams,,,,My Contacts,Home,carlos.williams@icloud.com,,,Mobile,+1 (959) 243-8147,,
Maria Nguyen,Maria,,Nguyen,,,,My Contacts,Home,maria.nguyen@icloud.com,,,Mobile,+1 (787) 614-7843,,
Maria Garcia,Maria,,Garcia,,,,My Contacts,Home,maria.garcia@hotmail.com,,,Mobile,+1 (671) 906-6928,,
Linda Wilson,Linda,,Wilson,,,,My Contacts,Home,linda.wilson@hotmail.com,,,Mobile,+1 (610) 736-2288,,
Maria Davis,Maria,,Davis,,1994-09-17,,My Contacts,Home,maria.davis@outlook.com,,,Mobile,+1 (372) 278-9363,,
Mark Jones,Mark,,Jones,,,,My Contacts,Home,mark.jones@yahoo.com,,,Mobile,+1 (305) 349-5193,,
Mark Williams,Mark,,Williams,,--10-15,,My Contacts,Home,mark.williams@yahoo.com,,,Mobile,+1 (843) 705-8601,,
Mark Houston,Mark,,Houston,,,,My Contacts,Home,mark.houston@outlook.com,,,Mobile,+1 (842) 523-3473,,
Mark Martinez,Mark,,Martinez,,,,My Contacts,Home,mark.martinez@outlook.com,,,Mobile,+1 (805) 257-6766,,
Priya Johnson,Priya,,Johnson,,--02-20,,My Contacts,Home,priya.johnson@gmail.com,,,Mobile,+1 (577) 493-2257,,
Emma Patel,Emma,,Patel,,,,My Contacts,Home,emma.patel@gmail.com,,,Mobile,+1 (660) 785-4084,,
Robert Johnson,Robert,,Johnson,,,,My Contacts,Home,robert.johnson@icloud.com,,,Mobile,+1 (305) 551-2381,,
Robert Johnson,Robert,,Johnson,,,,,,,,,iPhone,305-551-2381,,
Priya Anderson,Priya,,Anderson,,,,My Contacts,Home,priya.anderson@hotmail.com,,,Mobile,+1 (735) 824-3600,,
Aisha Wilson,Aisha,,Wilson,,1951-11-11,,My Contacts,Home,aisha.wilson@outlook.com,,,Mobile,+1 (895) 812-1857,,
Aisha Martinez,Aisha,,Martinez,,,,My Contacts,Home,aisha.martinez@outlook.com,,,Mobile,+1 (941) 872-3463,,
Robert Lopez,Robert,,Lopez,,,,My Contacts,Home,robert.lopez@outlook.com,,,Mobile,+1 (871) 915-7421,,
John Martinez,John,,Martinez,,11/23/1992,,My Contacts,Home,john.martinez@hotmail.com,,,Mobile,+1 (585) 858-6381,,
Noah Williams,Noah,,Williams,,,,My Contacts,Home,noah.williams@icloud.com,,,Mobile,+1 (720) 570-1298,,
Michael Hernandez,Michael,,Hernandez,,,,My Contacts,Home,michael.hernandez@icloud.com,,,Mobile,+1 (396) 431-3253,,
Patricia Lee,Patricia,,Lee,,--10-05,,My Contacts,Home,patricia.lee@hotmail.com,,,Mobile,+1 (956) 739-1618,,
Patricia Lee,Patricia,,Lee,,,,,,,,,iPhone,956-739-1618,,
Sofia Garcia,Sofia,,Garcia,,--04-15,,My Contacts,Home,sofia.garcia@icloud.com,,,Mobile,+1 (244) 620-6968,,
Priya Davis,Priya,,Davis,,--04-12,,My Contacts,Home,priya.davis@hotmail.com,,,Mobile,+1 (444) 516-8684,,
Priya Anderson,Priya,,Anderson,,,,My Contacts,Home,priya.anderson@outlook.com,,,Mobile,+1 (591) 714-9641,,
Priya Anderson,Priya,,Anderson,,,,,,,,,iPhone,591-714-9641,,
Sofia Jones,Sofia,,Jones,,--09-04,,My Contacts,Home,sofia.jones@outlook.com,,,Mobile,+1 (253) 856-8873,,
Patricia Martinez,Patricia,,Martinez,,,,My Contacts,Home,patricia.martinez@gmail.com,,,Mobile,+1 (981) 364-5469,,
Wei Williams,Wei,,Williams,,,,My Contacts,Home,wei.williams@yahoo.com,,,Mobile,+1 (661) 557-1436,,
Carlos Davis,Carlos,,Davis,,,,My Contacts,Home,carlos.davis@icloud.com,,,Mobile,+1 (283) 583-4678,,
Mark Hernandez,Mark,,Hernandez,,8/23/1993,,My Contacts,Home,mark.hernandez@yahoo.com,,,Mobile,+1 (340) 239-5700,,
Priya Houston,Priya,,Houston,,,,My Contacts,Home,priya.houston@gmail.com,,,Mobile,+1 (281) 219-5193,,
Priya Houston,Priya,,Houston,,,,,Home,priya.houston@gmail.com,Work,priya.houston@work.com,Mobile,+1 (281) 219-5193,,
Sofia Lee,Sofia,,Lee,,,,My Contacts,Home,sofia.lee@icloud.com,,,Mobile,+1 (313) 495-4893,,
Sofia Lee,Sofia,,Lee,,,,,Work,sofia.lee@icloud.com,,,,,,
Priya Williams,Priya,,Williams,,,,My Contacts,Home,priya.williams@gmail.com,,,Mobile,+1 (711) 811-9782,,
Linda Jones,Linda,,Jones,,,,My Contacts,Home,linda.jones@outlook.com,,,Mobile,+1 (639) 201-6780,,
Sarah Williams,Sarah,,Williams,,,,My Contacts,Home,sarah.williams@hotmail.com,,,Mobile,+1 (569) 269-9618,,
Noah Patel,Noah,,Patel,,--06-09,,My Contacts,Home,noah.patel@gmail.com,,,Mobile,+1 (599) 681-1713,,
John Lopez,John,,Lopez,,1947-12-25,,My Contacts,Home,john.lopez@yahoo.com,,,Mobile,+1 (950) 872-2698,,
Maria Garcia,Maria,,Garcia,,2/23/1974,,My Contacts,Home,maria.garcia@icloud.com,,,Mobile,+1 (912) 690-3986,,
Maria Garcia,Maria,,Garcia,,,,,,,,,iPhone,912-690-3986,,
Michael Johnson,Michael,,Johnson,,1993-09-16,,My Contacts,Home,michael.johnson@outlook.com,,,Mobile,+1 (517) 727-7524,,
Elizabeth Lopez,Elizabeth,,Lopez,,,,My Contacts,Home,elizabeth.lopez@gmail.com,,,Mobile,+1 (871) 539-5476,,
Aisha Anderson,Aisha,,Anderson,,--06-26,,My Contacts,Home,aisha.anderson@icloud.com,,,Mobile,+1 (547) 391-9129,,
Wei Williams,Wei,,Williams,,,,My Contacts,Home,wei.williams@icloud.com,,,Mobile,+1 (816) 384-9937,,
Wei Williams,Wei,,Williams,,,,,,,,,iPhone,816-384-9937,,
Elizabeth Martinez,Elizabeth,,Martinez,,,,My Contacts,Home,elizabeth.martinez@icloud.com,,,Mobile,+1 (817) 934-7981,,
Priya Johnson,Priya,,Johnson,,--01-03,,My Contacts,Home,priya.johnson@outlook.com,,,Mobile,+1 (829) 645-5498,,
Noah Garcia,Noah,,Garcia,,,,My Contacts,Home,noah.garcia@gmail.com,,,Mobile,+1 (346) 822-8179,,
Noah Garcia,Noah,,Garcia,,,,,Home,noah.garcia@gmail.com,Work,noah.garcia@work.com,Mobile,+1 (346) 822-8179,,
Carlos Lopez,Carlos,,Lopez,,1949-06-12,,My Contacts,Home,carlos.lopez@icloud.com,,,Mobile,+1 (780) 233-3513,,
Noah Lopez,Noah,,Lopez,,,,My Contacts,Home,noah.lopez@icloud.com,,,Mobile,+1 (521) 865-5566,,
Noah Lopez,Noah,,Lopez,,,,,Work,noah.lopez@icloud.com,,,,,,
Aisha Patel,Aisha,,Patel,,,,My Contacts,Home,aisha.patel@gmail.com,,,Mobile,+1 (468) 466-8311,,
Liam Miller,Liam,,Miller,,,,My Contacts,Home,liam.miller@gmail.com,,,Mobile,+1 (338) 275-8406,,
John Hernandez,John,,Hernandez,,,,My Contacts,Home,john.hernandez@outlook.com,,,Mobile,+1 (926) 266-9882,,
Jennifer Garcia,Jennifer,,Garcia,,3/8/1946,,My Contacts,Home,jennifer.garcia@outlook.com,,,Mobile,+1 (720) 429-2988,,
Emma Lopez,Emma,,Lopez,,,,My Contacts,Home,emma.lopez@icloud.com,,,Mobile,+1 (764) 332-2412,,
Liam Lee,Liam,,Lee,,,,My Contacts,Home,liam.lee@icloud.com,,,Mobile,+1 (987) 619-2208,,
John Anderson,John,,Anderson,,,,My Contacts,Home,john.anderson@icloud.com,,,Mobile,+1 (896) 729-6644,,
Olivia Nguyen,Olivia,,Nguyen,,,,My Contacts,Home,olivia.nguyen@yahoo.com,,,Mobile,+1 (986) 332-8088,,
Patricia Lee,Patricia,,Lee,,,,My Contacts,Home,patricia.lee@yahoo.com,,,Mobile,+1 (511) 368-3653,,
Carlos Lee,Carlos,,Lee,,1964-09-09,,My Contacts,Home,carlos.lee@outlook.com,,,Mobile,+1 (280) 456-4216,,
John Lee,John,,Lee,,,,My Contacts,Home,john.lee@yahoo.com,,,Mobile,+1 (806) 794-3526,,
Sofia Hernandez,Sofia,,Hernandez,,,,My Contacts,Home,sofia.hernandez@hotmail.com,,,Mobile,+1 (242) 229-2330,,
Emma Rodriguez,Emma,,Rodriguez,,1/16/1979,,My Contacts,Home,emma.rodriguez@yahoo.com,,,Mobile,+1 (985) 785-7825,,
Elizabeth Thomas,Elizabeth,,Thomas,,,,My Contacts,Home,elizabeth.thomas@yahoo.com,,,Mobile,+1 (901) 615-5873,,
Jennifer Anderson,Jennifer,,Anderson,,,,My Contacts,Home,jennifer.anderson@icloud.com,,,Mobile,+1 (695) 675-4342,,
Jennifer Anderson,Jennifer,,Anderson,,,,,Home,jennifer.anderson@icloud.com,Work,jennifer.anderson@work.com,Mobile,+1 (695) 675-4342,,
Maria Lopez,Maria,,Lopez,,,,My Contacts,Home,maria.lopez@icloud.com,,,Mobile,+1 (333) 978-7070,,
Maria Lopez,Maria,,Lopez,,,,,,,,,iPhone,333-978-7070,,
Patricia Rodriguez,Patricia,,Rodriguez,,,,My Contacts,Home,patricia.rodriguez@icloud.com,,,Mobile,+1 (453) 344-2586,,
Sofia Wilson,Sofia,,Wilson,,,,My Contacts,Home,sofia.wilson@yahoo.com,,,Mobile,+1 (363) 535-6123,,
Sofia Wilson,Sofia,,Wilson,,,,,Home,sofia.wilson@yahoo.com,Work,sofia.wilson@work.com,Mobile,+1 (363) 535-6123,,
Priya Thomas,Priya,,Thomas,,9/15/1958,,My Contacts,Home,priya.thomas@outlook.com,,,Mobile,+1 (709) 223-2475,,
Mary Johnson,Mary,,Johnson,,,,My Contacts,Home,mary.johnson@outlook.com,,,Mobile,+1 (706) 811-8710,,
Mary Johnson,Mary,,Johnson,,,,,,,,,iPhone,706-811-8710,,
Robert Rodriguez,Robert,,Rodriguez,,,,My Contacts,Home,robert.rodriguez@outlook.com,,,Mobile,+1 (982) 612-6995,,
Robert Rodriguez,Robert,,Rodriguez,,,,,Work,robert.rodriguez@outlook.com,,,,,,
Elizabeth Williams,Elizabeth,,Williams,,--10-22,,My Contacts,Home,elizabeth.williams@icloud.com,,,Mobile,+1 (716) 661-5582,,
Elizabeth Williams,Elizabeth,,Williams,,,,,,,,,iPhone,716-661-5582,,
Carlos Hernandez,Carlos,,Hernandez,,,,My Contacts,Home,carlos.hernandez@hotmail.com,,,Mobile,+1 (574) 973-3363,,
Noah Johnson,Noah,,Johnson,,2002-09-15,,My Contacts,Home,noah.johnson@gmail.com,,,Mobile,+1 (239) 340-6456,,
Maria Houston,Maria,,Houston,,--09-27,,My Contacts,Home,maria.houston@outlook.com,,,Mobile,+1 (366) 602-5902,,
Emma Martinez,Emma,,Martinez,,2002-07-19,,My Contacts,Home,emma.martinez@icloud.com,,,Mobile,+1 (217) 577-6427,,
Mark Smith,Mark,,Smith,,1985-10-16,,My Contacts,Home,mark.smith@hotmail.com,,,Mobile,+1 (685) 471-4728,,
Aisha Jones,Aisha,,Jones,,,,My Contacts,Home,aisha.jones@yahoo.com,,,Mobile,+1 (232) 786-2800,,
Wei Jones,Wei,,Jones,,,,My Contacts,Home,wei.jones@icloud.com,,,Mobile,+1 (907) 408-7723,,
Liam Johnson,Liam,,Johnson,,1956-08-17,,My Contacts,Home,liam.johnson@yahoo.com,,,Mobile,+1 (731) 412-6325,,
Olivia Hernandez,Olivia,,Hernandez,,1964-04-08,,My Contacts,Home,olivia.hernandez@hotmail.com,,,Mobile,+1 (562) 892-5331,,
Elizabeth Martinez,Elizabeth,,Martinez,,,,My Contacts,Home,elizabeth.martinez@yahoo.com,,,Mobile,+1 (906) 921-9011,,
David Martinez,David,,Martinez,,,,My Contacts,Home,david.martinez@gmail.com,,,Mobile,+1 (787) 892-9899,,
Carlos Jones,Carlos,,Jones,,,,My Contacts,Home,carlos.jones@outlook.com,,,Mobile,+1 (243) 494-2294,,
David Thomas,David,,Thomas,,1984-12-09,,My Contacts,Home,david.thomas@yahoo.com,,,Mobile,+1 (406) 751-5442,,
Linda Davis,Linda,,Davis,,1990-01-04,,My Contacts,Home,linda.davis@gmail.com,,,Mobile,+1 (885) 743-4697,,
Sarah Jones,Sarah,,Jones,,--08-16,,My Contacts,Home,sarah.jones@gmail.com,,,Mobile,+1 (763) 361-7666,,
Elizabeth Hernandez,Elizabeth,,Hernandez,,--04-18,,My Contacts,Home,elizabeth.hernandez@outlook.com,,,Mobile,+1 (861) 260-2465,,
Mary Garcia,Mary,,Garcia,,3/24/2004,,My Contacts,Home,mary.garcia@icloud.com,,,Mobile,+1 (380) 237-7504,,
Mary Smith,Mary,,Smith,,--06-10,,My Contacts,Home,mary.smith@outlook.com,,,Mobile,+1 (781) 817-2758,,
Noah Thomas,Noah,,Thomas,,,,My Contacts,Home,noah.thomas@yahoo.com,,,Mobile,+1 (716) 679-5470,,
Noah Thomas,Noah,,Thomas,,,,,,,,,iPhone,716-679-5470,,
Priya Rodriguez,Priya,,Rodriguez,,10/22/1956,,My Contacts,Home,priya.rodriguez@yahoo.com,,,Mobile,+1 (214) 954-6523,,
Mark Gonzalez,Mark,,Gonzalez,,,,My Contacts,Home,mark.gonzalez@icloud.com,,,Mobile,+1 (727) 535-2421,,
Mark Gonzalez,Mark,,Gonzalez,,,,,Home,mark.gonzalez@icloud.com,Work,mark.gonzalez@work.com,Mobile,+1 (727) 535-2421,,
Liam Hernandez,Liam,,Hernandez,,,,My Contacts,Home,liam.hernandez@yahoo.com,,,Mobile,+1 (206) 467-7284,,
Maria Martinez,Maria,,Martinez,,,,My Contacts,Home,maria.martinez@hotmail.com,,,Mobile,+1 (940) 786-1187,,
Linda Johnson,Linda,,Johnson,,,,My Contacts,Home,linda.johnson@gmail.com,,,Mobile,+1 (676) 514-3616,,
Elizabeth Brown,Elizabeth,,Brown,,,,My Contacts,Home,elizabeth.brown@outlook.com,,,Mobile,+1 (576) 829-4618,,
Elizabeth Brown,Elizabeth,,Brown,,,,,,,,,iPhone,576-829-4618,,
Sofia Lopez,Sofia,,Lopez,,1960-11-27,,My Contacts,Home,sofia.lopez@icloud.com,,,Mobile,+1 (918) 762-8714,,
Sofia Williams,Sofia,,Williams,,,,My Contacts,Home,sofia.williams@hotmail.com,,,Mobile,+1 (657) 740-6927,,
Mary Patel,Mary,,Patel,,,,My Contacts,Home,mary.patel@hotmail.com,,,Mobile,+1 (407) 786-9792,,
Noah Anderson,Noah,,Anderson,,,,My Contacts,Home,noah.anderson@gmail.com,,,Mobile,+1 (896) 410-9008,,
Mary Anderson,Mary,,Anderson,,--09-15,,My Contacts,Home,mary.anderson@yahoo.com,,,Mobile,+1 (725) 625-8484,,
James Gonzalez,James,,Gonzalez,,1949-01-14,,My Contacts,Home,james.gonzalez@outlook.com,,,Mobile,+1 (203) 963-4570,,
Mary Williams,Mary,,Williams,,,,My Contacts,Home,mary.williams@icloud.com,,,Mobile,+1 (232) 493-7698,,
Mary Williams,Mary,,Williams,,,,,Work,mary.williams@icloud.com,,,,,,
Wei Lopez,Wei,,Lopez,,,,My Contacts,Home,wei.lopez@icloud.com,,,Mobile,+1 (659) 586-7154,,
Olivia Jones,Olivia,,Jones,,,,My Contacts,Home,olivia.jones@outlook.com,,,Mobile,+1 (321) 382-9802,,
Olivia Jones,Olivia,,Jones,,,,,Home,olivia.jones@outlook.com,Work,olivia.jones@work.com,Mobile,+1 (321) 382-9802,,
James Smith,James,,Smith,,,,My Contacts,Home,james.smith@outlook.com,,,Mobile,+1 (674) 889-9920,,
Linda Davis,Linda,,Davis,,,,My Contacts,Home,linda.davis@icloud.com,,,Mobile,+1 (554) 358-5516,,
Patricia Johnson,Patricia,,Johnson,,,,My Contacts,Home,patricia.johnson@icloud.com,,,Mobile,+1 (829) 984-1256,,
Patricia Johnson,Patricia,,Johnson,,,,,Work,patricia.johnson@icloud.com,,,,,,
Sarah Johnson,Sarah,,Johnson,,,,My Contacts,Home,sarah.johnson@yahoo.com,,,Mobile,+1 (958) 245-7590,,
Mary Jones,Mary,,Jones,,1964-11-27,,My Contacts,Home,mary.jones@hotmail.com,,,Mobile,+1 (496) 439-6224,,
Sarah Lee,Sarah,,Lee,,,,My Contacts,Home,sarah.lee@yahoo.com,,,Mobile,+1 (623) 507-5508,,
Jennifer Wilson,Jennifer,,Wilson,,11/13/1965,,My Contacts,Home,jennifer.wilson@hotmail.com,,,Mobile,+1 (707) 248-6642,,
Wei Jones,Wei,,Jones,,,,My Contacts,Home,wei.jones@outlook.com,,,Mobile,+1 (585) 388-9813,,
Elizabeth Jones,Elizabeth,,Jones,,1960-09-17,,My Contacts,Home,elizabeth.jones@icloud.com,,,Mobile,+1 (259) 775-7761,,
Maria Williams,Maria,,Williams,,1988-04-02,,My Contacts,Home,maria.williams@icloud.com,,,Mobile,+1 (579) 294-9775,,
Mary Williams,Mary,,Williams,,,,My Contacts,Home,mary.williams@yahoo.com,,,Mobile,+1 (979) 801-4555,,
